ref,instru,mjd,freq,flux,flux_min,flux_max,uerr,lerr,nepoch,obs
Falcke et al. 1998,IRAM,50383,235.6,2.8,,,0.9,0.9,,TRUE
Falcke et al. 1998,IRAM,50383,152.3,2.9,,,0.25,0.25,,TRUE
Falcke et al. 1998,IRAM+Nobeyama,50383,151,2.9,,,0.21,0.21,,TRUE
Falcke et al. 1998,Nobeyama,50383,150,3.1,,,0.4,0.4,,TRUE
Falcke et al. 1998,IRAM,50383,106.3,2.4,,,0.35,0.35,,TRUE
Falcke et al. 1998,IRAMa+Nobeyama+BIMA,50383,95,2.1,,,0.23,0.23,,TRUE
Falcke et al. 1998,Nobeyama,50383,95,2,,,0.4,0.4,,TRUE
Falcke et al. 1998,BIMA,50383,93,1.9,,,0.5,0.5,,TRUE
Falcke et al. 1998,VLA,50383,43.3,1.4,,,0.14,0.14,,TRUE
Falcke et al. 1998,VLA,50383,22.5,1.1,,,0.05,0.05,,TRUE
Falcke et al. 1998,VLA,50383,14.9,1.03,,,0.03,0.03,,TRUE
Falcke et al. 1998,VLA,50383,8.45,0.72,,,0.01,0.01,,TRUE
Falcke et al. 1998,VLA,50383,4.85,0.64,,,0.01,0.01,,TRUE
Falcke et al. 1998,VLA,50383,1.64,0.55,,,0.03,0.03,,TRUE
Falcke et al. 1998,VLA,50383,1.44,0.53,,,0.02,0.02,,TRUE
Falcke et al. 1998,VLA,50383,1.36,0.53,,,0.02,0.02,,TRUE
Zylka 1995,,,230.609,3.3,,,0.3,0.3,,TRUE
Zylka 1995,,,374.74,3.5,,,0.5,0.5,,TRUE
Zylka 1995,,,499.653,4,,,1.2,1.2,,TRUE
Zylka 1995,,,666.204,3,,,1,1,,TRUE
Brinkerink et al. 2015,VLBA,6.602162162,100,2.287864373,,,,,,TRUE
Brinkerink et al. 2015,VLBA,6.922162162,100,2.315088616,,,,,,TRUE
Brinkerink et al. 2015,VLBA,7.237837838,100,2.362010483,,,,,,TRUE
Brinkerink et al. 2015,VLBA,7.895135135,100,2.402819984,,,,,,TRUE
Brinkerink et al. 2015,VLBA,8.210810811,100,2.375499427,,,,,,TRUE
Brinkerink et al. 2015,VLBA,8.500540541,100,2.249697952,,,,,,TRUE
Brinkerink et al. 2015,VLBA,8.79027027,100,2.204199509,,,,,,TRUE
Brinkerink et al. 2015,VLBA,9.08,100,2.189004095,,,,,,TRUE
Brinkerink et al. 2015,VLBA,9.711351351,100,2.29345389,,,,,,TRUE
Brinkerink et al. 2015,VLBA,10.00108108,100,2.322197871,,,,,,TRUE
Brinkerink et al. 2015,VLBA,10.28648649,100,2.160033415,,,,,,TRUE
Brinkerink et al. 2015,VLBA,10.57621622,100,2.106959214,,,,,,TRUE
Brinkerink et al. 2015,VLBA,10.85297297,100,2.203886978,,,,,,TRUE
Brinkerink et al. 2015,VLBA,7.031270801,48,2.008797745,,,,,,TRUE
Brinkerink et al. 2015,VLBA,7.137432905,48,1.810035548,,,,,,TRUE
Brinkerink et al. 2015,VLBA,7.231840134,48,1.896248354,,,,,,TRUE
Brinkerink et al. 2015,VLBA,7.334631563,48,2.00859947,,,,,,TRUE
Brinkerink et al. 2015,VLBA,7.434533841,48,1.987619142,,,,,,TRUE
Brinkerink et al. 2015,VLBA,7.53132037,48,1.85422255,,,,,,TRUE
Brinkerink et al. 2015,VLBA,7.632327324,48,2.131280715,,,,,,TRUE
Brinkerink et al. 2015,VLBA,7.728235777,48,2.078930448,,,,,,TRUE
Brinkerink et al. 2015,VLBA,7.827259981,48,2.138996445,,,,,,TRUE
Brinkerink et al. 2015,VLBA,7.978685437,48,2.162426886,,,,,,TRUE
Brinkerink et al. 2015,VLBA,8.084366016,48,2.008109448,,,,,,TRUE
Brinkerink et al. 2015,VLBA,8.179311419,48,2.044648699,,,,,,TRUE
Brinkerink et al. 2015,VLBA,8.278193998,48,2.117786684,,,,,,TRUE
Brinkerink et al. 2015,VLBA,8.377643077,48,2.138636718,,,,,,TRUE
Brinkerink et al. 2015,VLBA,8.477771955,48,2.096741209,,,,,,TRUE
Brinkerink et al. 2015,VLBA,8.581894659,48,2.086215638,,,,,,TRUE
Brinkerink et al. 2015,VLBA,8.677434888,48,2.06785254,,,,,,TRUE
Brinkerink et al. 2015,VLBA,8.778243567,48,1.963211489,,,,,,TRUE
Brinkerink et al. 2015,VLBA,8.87704117,48,2.044192667,,,,,,TRUE
Brinkerink et al. 2015,VLBA,9.024897676,48,1.997037205,,,,,,TRUE
Brinkerink et al. 2015,VLBA,9.12936028,48,1.955138863,,,,,,TRUE
Brinkerink et al. 2015,VLBA,9.229404184,48,1.921086547,,,,,,TRUE
Brinkerink et al. 2015,VLBA,9.323273237,48,2.056972907,,,,,,TRUE
Brinkerink et al. 2015,VLBA,9.426064666,48,2.169324024,,,,,,TRUE
Brinkerink et al. 2015,VLBA,9.527723095,48,1.986251044,,,,,,TRUE
Brinkerink et al. 2015,VLBA,9.627285474,48,1.996643487,,,,,,TRUE
Brinkerink et al. 2015,VLBA,9.729312127,48,1.779583339,,,,,,TRUE
Brinkerink et al. 2015,VLBA,9.827656531,48,1.902394879,,,,,,TRUE
Brinkerink et al. 2015,VLBA,9.92653911,48,1.975532864,,,,,,TRUE
Brinkerink et al. 2015,VLBA,10.07929584,48,1.876086618,,,,,,TRUE
Brinkerink et al. 2015,VLBA,10.17443952,48,1.894325086,,,,,,TRUE
Brinkerink et al. 2015,VLBA,10.27836395,48,1.902100299,,,,,,TRUE
Brinkerink et al. 2015,VLBA,10.37704825,48,1.993539067,,,,,,TRUE
Brinkerink et al. 2015,VLBA,10.47284341,48,1.951646391,,,,,,TRUE
Brinkerink et al. 2015,VLBA,10.57693778,48,1.943735218,,,,,,TRUE
Brinkerink et al. 2015,VLBA,10.66944724,48,2.205112663,,,,,,TRUE
Brinkerink et al. 2015,VLBA,10.77682732,48,1.893931369,,,,,,TRUE
Brinkerink et al. 2015,VLBA,10.87721112,48,1.828506281,,,,,,TRUE
Brinkerink et al. 2015,VLBA,10.9711085,48,1.961778244,,,,,,TRUE
Brinkerink et al. 2015,VLBA,6.932984764,39,1.746753247,,,,,,TRUE
Brinkerink et al. 2015,VLBA,7.031455557,39,1.797402597,,,,,,TRUE
Brinkerink et al. 2015,VLBA,7.136279305,39,1.754545455,,,,,,TRUE
Brinkerink et al. 2015,VLBA,7.230758419,39,1.78961039,,,,,,TRUE
Brinkerink et al. 2015,VLBA,7.333333333,39,1.850649351,,,,,,TRUE
Brinkerink et al. 2015,VLBA,7.433293979,39,1.832467532,,,,,,TRUE
Brinkerink et al. 2015,VLBA,7.527463878,39,1.881818182,,,,,,TRUE
Brinkerink et al. 2015,VLBA,7.630769663,39,1.909090909,,,,,,TRUE
Brinkerink et al. 2015,VLBA,7.72676674,39,1.874025974,,,,,,TRUE
Brinkerink et al. 2015,VLBA,7.830662844,39,1.874025974,,,,,,TRUE
Brinkerink et al. 2015,VLBA,7.978214426,39,1.857142857,,,,,,TRUE
Brinkerink et al. 2015,VLBA,8.082166751,39,1.854545455,,,,,,TRUE
Brinkerink et al. 2015,VLBA,8.176617755,39,1.890909091,,,,,,TRUE
Brinkerink et al. 2015,VLBA,8.280879294,39,1.874025974,,,,,,TRUE
Brinkerink et al. 2015,VLBA,8.375836285,39,1.887012987,,,,,,TRUE
Brinkerink et al. 2015,VLBA,8.474925507,39,1.909090909,,,,,,TRUE
Brinkerink et al. 2015,VLBA,8.579243268,39,1.88961039,,,,,,TRUE
Brinkerink et al. 2015,VLBA,8.674846798,39,1.872727273,,,,,,TRUE
Brinkerink et al. 2015,VLBA,8.779417552,39,1.841558442,,,,,,TRUE
Brinkerink et al. 2015,VLBA,8.870354753,39,1.84025974,,,,,,TRUE
Brinkerink et al. 2015,VLBA,9.021420138,39,1.861038961,,,,,,TRUE
Brinkerink et al. 2015,VLBA,9.125709788,39,1.842857143,,,,,,TRUE
Brinkerink et al. 2015,VLBA,9.225276888,39,1.842857143,,,,,,TRUE
Brinkerink et al. 2015,VLBA,9.324169337,39,1.874025974,,,,,,TRUE
Brinkerink et al. 2015,VLBA,9.42396132,39,1.863636364,,,,,,TRUE
Brinkerink et al. 2015,VLBA,9.524624726,39,1.812987013,,,,,,TRUE
Brinkerink et al. 2015,VLBA,9.624810255,39,1.784415584,,,,,,TRUE
Brinkerink et al. 2015,VLBA,9.725389329,39,1.737662338,,,,,,TRUE
Brinkerink et al. 2015,VLBA,9.82504076,39,1.733766234,,,,,,TRUE
Brinkerink et al. 2015,VLBA,9.924382976,39,1.744155844,,,,,,TRUE
Brinkerink et al. 2015,VLBA,10.07603868,39,1.737662338,,,,,,TRUE
Brinkerink et al. 2015,VLBA,10.17037724,39,1.779220779,,,,,,TRUE
Brinkerink et al. 2015,VLBA,10.27506044,39,1.742857143,,,,,,TRUE
Brinkerink et al. 2015,VLBA,10.37423399,39,1.761038961,,,,,,TRUE
Brinkerink et al. 2015,VLBA,10.46944398,39,1.762337662,,,,,,TRUE
Brinkerink et al. 2015,VLBA,10.5736774,39,1.746753247,,,,,,TRUE
Brinkerink et al. 2015,VLBA,10.66790353,39,1.793506494,,,,,,TRUE
Brinkerink et al. 2015,VLBA,10.77292405,39,1.741558442,,,,,,TRUE
Brinkerink et al. 2015,VLBA,10.87212571,39,1.758441558,,,,,,TRUE
Brinkerink et al. 2015,VLBA,10.97262045,39,1.715584416,,,,,,TRUE
Brinkerink et al. 2015,VLBA,6.991332611,37,1.541718845,,,,,,TRUE
Brinkerink et al. 2015,VLBA,7.091007584,37,1.56512783,,,,,,TRUE
Brinkerink et al. 2015,VLBA,7.190682557,37,1.574251101,,,,,,TRUE
Brinkerink et al. 2015,VLBA,7.294691224,37,1.604155,,,,,,TRUE
Brinkerink et al. 2015,VLBA,7.390032503,37,1.623666474,,,,,,TRUE
Brinkerink et al. 2015,VLBA,7.49404117,37,1.622401542,,,,,,TRUE
Brinkerink et al. 2015,VLBA,7.589382449,37,1.647107822,,,,,,TRUE
Brinkerink et al. 2015,VLBA,7.689057421,37,1.669218106,,,,,,TRUE
Brinkerink et al. 2015,VLBA,7.793066089,37,1.675745381,,,,,,TRUE
Brinkerink et al. 2015,VLBA,7.940411701,37,1.64462439,,,,,,TRUE
Brinkerink et al. 2015,VLBA,8.040086674,37,1.649851557,,,,,,TRUE
Brinkerink et al. 2015,VLBA,8.139761647,37,1.653780023,,,,,,TRUE
Brinkerink et al. 2015,VLBA,8.235102925,37,1.634330458,,,,,,TRUE
Brinkerink et al. 2015,VLBA,8.339111593,37,1.639559033,,,,,,TRUE
Brinkerink et al. 2015,VLBA,8.438786566,37,1.630500485,,,,,,TRUE
Brinkerink et al. 2015,VLBA,8.538461538,37,1.650013367,,,,,,TRUE
Brinkerink et al. 2015,VLBA,8.638136511,37,1.690305469,,,,,,TRUE
Brinkerink et al. 2015,VLBA,8.737811484,37,1.661766403,,,,,,TRUE
Brinkerink et al. 2015,VLBA,8.837486457,37,1.630629933,,,,,,TRUE
Brinkerink et al. 2015,VLBA,8.984832069,37,1.638469981,,,,,,TRUE
Brinkerink et al. 2015,VLBA,9.088840737,37,1.652789464,,,,,,TRUE
Brinkerink et al. 2015,VLBA,9.184182015,37,1.663210029,,,,,,TRUE
Brinkerink et al. 2015,VLBA,9.288190683,37,1.635971071,,,,,,TRUE
Brinkerink et al. 2015,VLBA,9.387865655,37,1.62301642,,,,,,TRUE
Brinkerink et al. 2015,VLBA,9.483206934,37,1.632138284,,,,,,TRUE
Brinkerink et al. 2015,VLBA,9.587215601,37,1.576327897,,,,,,TRUE
Brinkerink et al. 2015,VLBA,9.68255688,37,1.581553658,,,,,,TRUE
Brinkerink et al. 2015,VLBA,9.786565547,37,1.558210803,,,,,,TRUE
Brinkerink et al. 2015,VLBA,9.88624052,37,1.543957451,,,,,,TRUE
Brinkerink et al. 2015,VLBA,10.03791983,37,1.577772931,,,,,,TRUE
Brinkerink et al. 2015,VLBA,10.13326111,37,1.546635055,,,,,,TRUE
Brinkerink et al. 2015,VLBA,10.23726977,37,1.625889603,,,,,,TRUE
Brinkerink et al. 2015,VLBA,10.33261105,37,1.571375104,,,,,,TRUE
Brinkerink et al. 2015,VLBA,10.43228602,37,1.571407466,,,,,,TRUE
Brinkerink et al. 2015,VLBA,10.53629469,37,1.549363313,,,,,,TRUE
Brinkerink et al. 2015,VLBA,10.63163597,37,1.558485177,,,,,,TRUE
Brinkerink et al. 2015,VLBA,10.73564464,37,1.558518946,,,,,,TRUE
Brinkerink et al. 2015,VLBA,10.83098592,37,1.481926524,,,,,,TRUE
Brinkerink et al. 2015,VLBA,10.93066089,37,1.513127717,,,,,,TRUE
Brinkerink et al. 2015,VLBA,6.991341991,27,1.490065359,,,,,,TRUE
Brinkerink et al. 2015,VLBA,7.090909091,27,1.499477124,,,,,,TRUE
Brinkerink et al. 2015,VLBA,7.19047619,27,1.50627451,,,,,,TRUE
Brinkerink et al. 2015,VLBA,7.294372294,27,1.532418301,,,,,,TRUE
Brinkerink et al. 2015,VLBA,7.38961039,27,1.530326797,,,,,,TRUE
Brinkerink et al. 2015,VLBA,7.493506494,27,1.537647059,,,,,,TRUE
Brinkerink et al. 2015,VLBA,7.588744589,27,1.543398693,,,,,,TRUE
Brinkerink et al. 2015,VLBA,7.688311688,27,1.558039216,,,,,,TRUE
Brinkerink et al. 2015,VLBA,7.792207792,27,1.569019608,,,,,,TRUE
Brinkerink et al. 2015,VLBA,7.939393939,27,1.548627451,,,,,,TRUE
Brinkerink et al. 2015,VLBA,8.038961039,27,1.565359477,,,,,,TRUE
Brinkerink et al. 2015,VLBA,8.138528139,27,1.562222222,,,,,,TRUE
Brinkerink et al. 2015,VLBA,8.233766234,27,1.552287582,,,,,,TRUE
Brinkerink et al. 2015,VLBA,8.337662338,27,1.559084967,,,,,,TRUE
Brinkerink et al. 2015,VLBA,8.437229437,27,1.55124183,,,,,,TRUE
Brinkerink et al. 2015,VLBA,8.532467532,27,1.559607843,,,,,,TRUE
Brinkerink et al. 2015,VLBA,8.636363636,27,1.578954248,,,,,,TRUE
Brinkerink et al. 2015,VLBA,8.74025974,27,1.570065359,,,,,,TRUE
Brinkerink et al. 2015,VLBA,8.835497835,27,1.550196078,,,,,,TRUE
Brinkerink et al. 2015,VLBA,8.982683983,27,1.554379085,,,,,,TRUE
Brinkerink et al. 2015,VLBA,9.086580087,27,1.570065359,,,,,,TRUE
Brinkerink et al. 2015,VLBA,9.181818182,27,1.569542484,,,,,,TRUE
Brinkerink et al. 2015,VLBA,9.285714286,27,1.552810458,,,,,,TRUE
Brinkerink et al. 2015,VLBA,9.385281385,27,1.561176471,,,,,,TRUE
Brinkerink et al. 2015,VLBA,9.484848485,27,1.562222222,,,,,,TRUE
Brinkerink et al. 2015,VLBA,9.584415584,27,1.541830065,,,,,,TRUE
Brinkerink et al. 2015,VLBA,9.67965368,27,1.536078431,,,,,,TRUE
Brinkerink et al. 2015,VLBA,9.783549784,27,1.521437908,,,,,,TRUE
Brinkerink et al. 2015,VLBA,9.883116883,27,1.498954248,,,,,,TRUE
Brinkerink et al. 2015,VLBA,10.03463203,27,1.513071895,,,,,,TRUE
Brinkerink et al. 2015,VLBA,10.12987013,27,1.510457516,,,,,,TRUE
Brinkerink et al. 2015,VLBA,10.22943723,27,1.521437908,,,,,,TRUE
Brinkerink et al. 2015,VLBA,10.32900433,27,1.52875817,,,,,,TRUE
Brinkerink et al. 2015,VLBA,10.42857143,27,1.518823529,,,,,,TRUE
Brinkerink et al. 2015,VLBA,10.53246753,27,1.515686275,,,,,,TRUE
Brinkerink et al. 2015,VLBA,10.62770563,27,1.51254902,,,,,,TRUE
Brinkerink et al. 2015,VLBA,10.73160173,27,1.517777778,,,,,,TRUE
Brinkerink et al. 2015,VLBA,10.82683983,27,1.503137255,,,,,,TRUE
Brinkerink et al. 2015,VLBA,10.93073593,27,1.500522876,,,,,,TRUE
Brinkerink et al. 2015,VLBA,6.948051948,25,1.39496124,,,,,,TRUE
Brinkerink et al. 2015,VLBA,7.047619048,25,1.424418605,,,,,,TRUE
Brinkerink et al. 2015,VLBA,7.147186147,25,1.415891473,,,,,,TRUE
Brinkerink et al. 2015,VLBA,7.242424242,25,1.424418605,,,,,,TRUE
Brinkerink et al. 2015,VLBA,7.346320346,25,1.445348837,,,,,,TRUE
Brinkerink et al. 2015,VLBA,7.445887446,25,1.45620155,,,,,,TRUE
Brinkerink et al. 2015,VLBA,7.545454545,25,1.464728682,,,,,,TRUE
Brinkerink et al. 2015,VLBA,7.645021645,25,1.469379845,,,,,,TRUE
Brinkerink et al. 2015,VLBA,7.744588745,25,1.453100775,,,,,,TRUE
Brinkerink et al. 2015,VLBA,7.844155844,25,1.480232558,,,,,,TRUE
Brinkerink et al. 2015,VLBA,7.991341991,25,1.464728682,,,,,,TRUE
Brinkerink et al. 2015,VLBA,8.095238095,25,1.451550388,,,,,,TRUE
Brinkerink et al. 2015,VLBA,8.19047619,25,1.461627907,,,,,,TRUE
Brinkerink et al. 2015,VLBA,8.294372294,25,1.45620155,,,,,,TRUE
Brinkerink et al. 2015,VLBA,8.38961039,25,1.462403101,,,,,,TRUE
Brinkerink et al. 2015,VLBA,8.493506494,25,1.467054264,,,,,,TRUE
Brinkerink et al. 2015,VLBA,8.593073593,25,1.460852713,,,,,,TRUE
Brinkerink et al. 2015,VLBA,8.688311688,25,1.462403101,,,,,,TRUE
Brinkerink et al. 2015,VLBA,8.792207792,25,1.418992248,,,,,,TRUE
Brinkerink et al. 2015,VLBA,8.891774892,25,1.440697674,,,,,,TRUE
Brinkerink et al. 2015,VLBA,9.038961039,25,1.456976744,,,,,,TRUE
Brinkerink et al. 2015,VLBA,9.138528139,25,1.446899225,,,,,,TRUE
Brinkerink et al. 2015,VLBA,9.242424242,25,1.450775194,,,,,,TRUE
Brinkerink et al. 2015,VLBA,9.337662338,25,1.40503876,,,,,,TRUE
Brinkerink et al. 2015,VLBA,9.437229437,25,1.435271318,,,,,,TRUE
Brinkerink et al. 2015,VLBA,9.536796537,25,1.436821705,,,,,,TRUE
Brinkerink et al. 2015,VLBA,9.636363636,25,1.416666667,,,,,,TRUE
Brinkerink et al. 2015,VLBA,9.74025974,25,1.385658915,,,,,,TRUE
Brinkerink et al. 2015,VLBA,9.835497835,25,1.350775194,,,,,,TRUE
Brinkerink et al. 2015,VLBA,9.939393939,25,1.384108527,,,,,,TRUE
Brinkerink et al. 2015,VLBA,10.08658009,25,1.390310078,,,,,,TRUE
Brinkerink et al. 2015,VLBA,10.18181818,25,1.453875969,,,,,,TRUE
Brinkerink et al. 2015,VLBA,10.28571429,25,1.418217054,,,,,,TRUE
Brinkerink et al. 2015,VLBA,10.38528139,25,1.463178295,,,,,,TRUE
Brinkerink et al. 2015,VLBA,10.48484848,25,1.412790698,,,,,,TRUE
Brinkerink et al. 2015,VLBA,10.58441558,25,1.340697674,,,,,,TRUE
Brinkerink et al. 2015,VLBA,10.68831169,25,1.387984496,,,,,,TRUE
Brinkerink et al. 2015,VLBA,10.78354978,25,1.445348837,,,,,,TRUE
Brinkerink et al. 2015,VLBA,10.88744589,25,1.398062016,,,,,,TRUE
Brinkerink et al. 2015,VLBA,10.98268398,25,1.336046512,,,,,,TRUE
Brinkerink et al. 2015,VLBA,6.602162162,100,2.287864373,,,,,,TRUE
Brinkerink et al. 2015,VLBA,6.922162162,100,2.315088616,,,,,,TRUE
Brinkerink et al. 2015,VLBA,7.237837838,100,2.362010483,,,,,,TRUE
Brinkerink et al. 2015,VLBA,7.895135135,100,2.402819984,,,,,,TRUE
Brinkerink et al. 2015,VLBA,8.210810811,100,2.375499427,,,,,,TRUE
Brinkerink et al. 2015,VLBA,8.500540541,100,2.249697952,,,,,,TRUE
Brinkerink et al. 2015,VLBA,8.79027027,100,2.204199509,,,,,,TRUE
Brinkerink et al. 2015,VLBA,9.08,100,2.189004095,,,,,,TRUE
Brinkerink et al. 2015,VLBA,9.711351351,100,2.29345389,,,,,,TRUE
Brinkerink et al. 2015,VLBA,10.00108108,100,2.322197871,,,,,,TRUE
Brinkerink et al. 2015,VLBA,10.28648649,100,2.160033415,,,,,,TRUE
Brinkerink et al. 2015,VLBA,10.57621622,100,2.106959214,,,,,,TRUE
Brinkerink et al. 2015,VLBA,10.85297297,100,2.203886978,,,,,,TRUE
Brinkerink et al. 2015,VLBA,6.948051948,19,1.259156834,,,,,,TRUE
Brinkerink et al. 2015,VLBA,7.047619048,19,1.256006564,,,,,,TRUE
Brinkerink et al. 2015,VLBA,7.147186147,19,1.256516425,,,,,,TRUE
Brinkerink et al. 2015,VLBA,7.242424242,19,1.248660838,,,,,,TRUE
Brinkerink et al. 2015,VLBA,7.346320346,19,1.258581897,,,,,,TRUE
Brinkerink et al. 2015,VLBA,7.45021645,19,1.26431995,,,,,,TRUE
Brinkerink et al. 2015,VLBA,7.545454545,19,1.254895736,,,,,,TRUE
Brinkerink et al. 2015,VLBA,7.645021645,19,1.259065727,,,,,,TRUE
Brinkerink et al. 2015,VLBA,7.74025974,19,1.245458507,,,,,,TRUE
Brinkerink et al. 2015,VLBA,7.844155844,19,1.266882834,,,,,,TRUE
Brinkerink et al. 2015,VLBA,7.995670996,19,1.286209433,,,,,,TRUE
Brinkerink et al. 2015,VLBA,8.095238095,19,1.28096766,,,,,,TRUE
Brinkerink et al. 2015,VLBA,8.19047619,19,1.275726452,,,,,,TRUE
Brinkerink et al. 2015,VLBA,8.294372294,19,1.285647512,,,,,,TRUE
Brinkerink et al. 2015,VLBA,8.38961039,19,1.276223297,,,,,,TRUE
Brinkerink et al. 2015,VLBA,8.493506494,19,1.285098605,,,,,,TRUE
Brinkerink et al. 2015,VLBA,8.593073593,19,1.275673825,,,,,,TRUE
Brinkerink et al. 2015,VLBA,8.688311688,19,1.278798631,,,,,,TRUE
Brinkerink et al. 2015,VLBA,8.792207792,19,1.280353677,,,,,,TRUE
Brinkerink et al. 2015,VLBA,8.891774892,19,1.26674589,,,,,,TRUE
Brinkerink et al. 2015,VLBA,9.038961039,19,1.280321421,,,,,,TRUE
Brinkerink et al. 2015,VLBA,9.138528139,19,1.289197295,,,,,,TRUE
Brinkerink et al. 2015,VLBA,9.242424242,19,1.274020315,,,,,,TRUE
Brinkerink et al. 2015,VLBA,9.337662338,19,1.28603401,,,,,,TRUE
Brinkerink et al. 2015,VLBA,9.441558442,19,1.292294938,,,,,,TRUE
Brinkerink et al. 2015,VLBA,9.536796537,19,1.256726933,,,,,,TRUE
Brinkerink et al. 2015,VLBA,9.636363636,19,1.278151826,,,,,,TRUE
Brinkerink et al. 2015,VLBA,9.74025974,19,1.30009903,,,,,,TRUE
Brinkerink et al. 2015,VLBA,9.835497835,19,1.256165011,,,,,,TRUE
Brinkerink et al. 2015,VLBA,9.939393939,19,1.281249469,,,,,,TRUE
Brinkerink et al. 2015,VLBA,10.08658009,19,1.263452452,,,,,,TRUE
Brinkerink et al. 2015,VLBA,10.18181818,19,1.209583793,,,,,,TRUE
Brinkerink et al. 2015,VLBA,10.28571429,19,1.258197663,,,,,,TRUE
Brinkerink et al. 2015,VLBA,10.38528139,19,1.24668138,,,,,,TRUE
Brinkerink et al. 2015,VLBA,10.48484848,19,1.256603005,,,,,,TRUE
Brinkerink et al. 2015,VLBA,10.58441558,19,1.272276264,,,,,,TRUE
Brinkerink et al. 2015,VLBA,10.68831169,19,1.261805167,,,,,,TRUE
Brinkerink et al. 2015,VLBA,10.78354978,19,1.228851541,,,,,,TRUE
Brinkerink et al. 2015,VLBA,10.88311688,19,1.236158787,,,,,,TRUE
Brinkerink et al. 2015,VLBA,10.98268398,19,1.246603288,,,,,,TRUE
Bower et al. 2015,VLA,,1.6,0.592,0.512,0.683,0.028,0.028,8,TRUE
Bower et al. 2015,VLA,,3.1,0.702,0.659,0.896,0.032,0.032,10,TRUE
Bower et al. 2015,VLA,,5.4,0.87,0.647,1.134,0.118,0.118,12,TRUE
Bower et al. 2015,VLA,,9,0.932,0.791,1.276,0.129,0.129,12,TRUE
Bower et al. 2015,VLA,,14,1.075,0.887,1.749,0.135,0.135,14,TRUE
Bower et al. 2015,VLA,,21.1,1.164,0.999,1.562,0.052,0.052,15,TRUE
Bower et al. 2015,VLA,,32,1.382,1.146,1.648,0.087,0.087,15,TRUE
Bower et al. 2015,VLA,,40.9,1.485,1.275,1.882,0.073,0.073,15,TRUE
Bower et al. 2015,ALMA,,218,3.667,2.811,4.635,0.65,0.65,8,TRUE
Bower et al. 2015,ALMA,,220,3.661,2.803,4.649,0.652,0.652,8,TRUE
Bower et al. 2015,ALMA,,231.9,3.676,2.8,4.752,0.664,0.664,8,TRUE
Bower et al. 2015,ALMA,,233.8,3.704,2.801,4.758,0.68,0.68,8,TRUE
Bower et al. 2015,ALMA,,341.6,3.602,2.332,4.537,0.866,0.866,8,TRUE
Bower et al. 2015,ALMA,,343.6,3.609,2.341,4.564,0.87,0.87,8,TRUE
Bower et al. 2015,ALMA,,351.7,3.595,2.311,4.569,0.884,0.884,8,TRUE
Bower et al. 2015,ALMA,,353.6,3.553,2.301,4.537,0.86,0.86,8,TRUE
Bower et al. 2015,SMA,,216.8,3.677,2.154,5.42,0.762,0.762,68,TRUE
Bower et al. 2015,SMA,,223.9,3.391,2.586,4.796,0.489,0.489,23,TRUE
Bower et al. 2015,SMA,,238.2,3.31,2.955,4.035,0.424,0.424,4,TRUE
Bower et al. 2015,SMA,,266.8,3.369,3.237,3.482,0.096,0.096,4,TRUE
Bower et al. 2015,SMA,,274,3.526,2.799,4.743,0.697,0.697,4,TRUE
Bower et al. 2015,SMA,,331.1,3.205,1.999,5.492,1.074,1.074,14,TRUE
Bower et al. 2015,SMA,,338.3,3.436,2.421,5.751,0.863,0.863,13,TRUE
Bower et al. 2015,SMA,,352.6,4.89,4.146,6.09,0.721,0.721,4,TRUE
Zhao et al. 2003,,,344.59,6.7,,,1.5,1.5,,TRUE
Zhao et al. 2003,,,230.61,3.7,,,0.7,0.7,,TRUE
Zhao et al. 2003,,,99.93,1.3,,,0.6,0.6,,TRUE
Zhao et al. 2003,,,42.83,1.2,,,0.2,0.2,,TRUE
Zhao et al. 2003,,,23.06,1.15,,,0.17,0.17,,TRUE
Zhao et al. 2003,,,15,1.04,,,0.18,0.18,,TRUE
Liu et al. 2016,,,92.995,2.35,,,0.16,0.16,,TRUE
Liu et al. 2016,,,94.932,2.37,,,0.16,0.16,,TRUE
Liu et al. 2016,,,104.995,2.54,,,0.17,0.17,,TRUE
Liu et al. 2016,,,106.995,2.62,,,0.18,0.18,,TRUE
Liu et al. 2016,,,253.75,4.17,,,0.17,0.17,,TRUE
Liu et al. 2016,,,342.979,4.26,,,0.24,0.24,,TRUE
Liu et al. 2016,,,486.15,3.6,,,0.72,0.72,,TRUE
Liu et al. 2016,,,691.537,2.68,,,0.54,0.54,,TRUE
Liu et al. 2016,,,708.86,3.21,,,0.64,0.64,,TRUE
Liu et al. 2016,,,685.237,2.65,,,0.53,0.53,,TRUE
Liu et al. 2016,,,708.86,3.99,,,0.79,0.79,,TRUE
Herrnstein et al. 2004,,,15,0.834,0.62,1.32,0.13,0.13,115,TRUE
Herrnstein et al. 2004,,,23.08,0.926,0.6,1.64,0.16,0.16,124,TRUE
Herrnstein et al. 2004,,,42.86,1.001,0.63,1.87,0.21,0.21,121,TRUE
Serabyn et al. 1997,,,4.982172298,0.592932636,,,0.1,0.1,,TRUE
Serabyn et al. 1997,,,8.339881447,0.74111728,,,0.1,0.1,,TRUE
Serabyn et al. 1997,,,14.93505154,0.811822328,,,0.1,0.1,,TRUE
Serabyn et al. 1997,,,22.99652938,0.932453547,,,0.1,0.1,,TRUE
Serabyn et al. 1997,,,850,7,,,2,2,,TRUE
Stone et al. 2016,,,577,0.62,,,0.5,,,TRUE
Stone et al. 2016,,,856,0.62,,,0.5,,,TRUE
Stone et al. 2016,,,1199.168,0.52,,,0.5,,,TRUE
Stone et al. 2016,,,577,4.16,,,,1,,TRUE
Stone et al. 2016,,,856,4.04,,,,1,,TRUE
Stone et al. 2016,,,1199.168,4.2,,,,1,,TRUE
Cotera et al. 1999,,,12236.40816,0.9,,,,0.45,,TRUE
Nowak et al. 2012,,,1210000000,3.88E-08,,,4.00E-09,2.00E-09,,TRUE
Haggard et al. 2019 (flare),,,1210000000,1.32E-05,,,3.00E-07,3.00E-07,,TRUE
Zhang et al. 2017 (flare),,,9.91E+09,4.66E-07,,,4.50E-08,4.50E-08,,TRUE
Baganoff 2003,,,1210000000,2.48E-08,,,3.10E-08,6.20E-09,,TRUE
von Fellenberg et al. 2018 (upper),,,2997.92,1.04,,,,0.55,,TRUE
von Fellenberg et al. 2018 (upper),,,1873.7,1.3,,,,0.65,,TRUE
von Fellenberg et al. 2018 (variable),,,2997.92,0.16,,,0.1,0.1,,TRUE
von Fellenberg et al. 2018 (variable),,,1873.7,0.27,,,0.07,0.07,,TRUE
Telesco et al. 1996,,,9993.066667,1.4,,,,0.75,,TRUE
Dodds-Eden 2009,,,25235.01684,0.057,,,,0.03,,TRUE
Dodds-Eden 2011,,,137519.2661,0.0011,,,,,,TRUE
Witzel et al. 2018,,,136269.0909,0.002,,,0.005,0.001,,TRUE
Witzel et al. 2018,,,66620.44444,0.0032,,,0.0034,0.0017,,TRUE
Bower et al. 2019,,,233,2.886,,,0.043,0.043,,TRUE
Bower et al. 2019,,,678,2.183,,,0.026,0.026,,TRUE
Bower et al. 2019,,,868,1.864,,,0.067,0.067,,TRUE
Backer et al. 1982,,,1.398608228,0.594338305,,,0.1,0.1,,TRUE
Backer et al. 1982,,,86.18323432,1.523616123,,,0.4,0.4,,TRUE
Backer et al. 1982,,,2.727770808,0.740275748,,,,,,TRUE
Backer et al. 1982,,,4.913757758,0.896252697,,,,,,TRUE
Backer et al. 1982,,,8.197588441,0.912938047,,,,,,TRUE
Backer et al. 1982,,,15.20916537,1.231458752,,,,,,TRUE
Marrone et al. 2006,,,230,5.173382593,,,0.18,0.18,,TRUE
Marrone et al. 2006,,,230,5.216178143,,,0.18,0.18,,TRUE
Marrone et al. 2006,,,230,5.446731376,,,0.18,0.18,,TRUE
Marrone et al. 2006,,,230,5.841809708,,,0.18,0.18,,TRUE
Marrone et al. 2006,,,690,6.775605652,,,0.8,0.8,,TRUE
Marrone et al. 2006,,,690,5.32472225,,,0.8,0.8,,TRUE
Marrone et al. 2006,,,690,4.619336569,,,0.8,0.8,,TRUE
Marrone et al. 2006,,,690,3.877492656,,,0.8,0.8,,TRUE
An et al. 2005,,,0.333102222,0.22,,,0.06,0.06,,TRUE
An et al. 2005,,,0.637855319,0.45,,,0.1,0.1,,TRUE
An et al. 2005,,,1.153046154,0.52,,,0.09,0.09,,TRUE
An et al. 2005,,,1.303443478,0.52,,,0.06,0.06,,TRUE
An et al. 2005,,,1.49896,0.62,,,0.06,0.06,,TRUE
An et al. 2005,,,1.763482353,0.63,,,0.05,0.05,,TRUE
An et al. 2005,,,4.996533333,0.66,,,0.04,0.04,,TRUE
An et al. 2005,,,8.327555556,0.69,,,0.03,0.03,,TRUE
An et al. 2005,,,14.9896,0.92,,,0.06,0.06,,TRUE
An et al. 2005,,,23.06092308,1.06,,,0.06,0.06,,TRUE
An et al. 2005,,,42.82742857,1.6,,,0.2,0.2,,TRUE
Wright et al. 1987,,,86,1.04,,,0.15,0.15,,TRUE
Zylka et al. 1988,,,230,2.5,,,0.6,0.6,,TRUE
Yusef-Zadeh 1990,,,15,1.15,,,0.01,0.01,,TRUE
Zylka et al. 1992,,,350,4.8,,,1.2,1.2,,TRUE
Zylka et al. 1992,,,860,18.5,,,9,9,,TRUE
Zylka et al. 1992,,,17000,0.3,,,,0.15,,TRUE
Schoedel et al. 2011,,,34859.53488,0.084,,,,0.04,,TRUE
Schoedel et al. 2011,,,62456.66667,0.0038,,,0.0013,0.0013,,TRUE
Schoedel et al. 2011,,,78892.63158,0.005,,,0.0006,0.0006,,TRUE
Schoedel et al. 2011,,,142758.0952,0.0022,,,0.0002,0.0002,,TRUE
GRAVITY Collaboration 2020,,,136269.0909,0.0011,,,0.0003,0.0003,,TRUE
Yuan et al. 2003,,,0.393141194,0.459511605,,,,,,FALSE
Yuan et al. 2003,,,0.442237817,0.45220907,,,,,,FALSE
Yuan et al. 2003,,,0.49746577,0.456477716,,,,,,FALSE
Yuan et al. 2003,,,0.559590751,0.460786656,,,,,,FALSE
Yuan et al. 2003,,,0.629474082,0.465136271,,,,,,FALSE
Yuan et al. 2003,,,0.722109513,0.460407756,,,,,,FALSE
Yuan et al. 2003,,,0.828377472,0.455727312,,,,,,FALSE
Yuan et al. 2003,,,0.895983124,0.466426929,,,,,,FALSE
Yuan et al. 2003,,,0.988301074,0.468106088,,,,,,FALSE
Yuan et al. 2003,,,1.048197043,0.476324817,,,,,,FALSE
Yuan et al. 2003,,,1.133742639,0.487508025,,,,,,FALSE
Yuan et al. 2003,,,1.275327739,0.492109877,,,,,,FALSE
Yuan et al. 2003,,,1.379409955,0.503663689,,,,,,FALSE
Yuan et al. 2003,,,1.521537967,0.518488158,,,,,,FALSE
Yuan et al. 2003,,,1.678310191,0.52035474,,,,,,FALSE
Yuan et al. 2003,,,1.88790248,0.538787306,,,,,,FALSE
Yuan et al. 2003,,,2.123669269,0.55787281,,,,,,FALSE
Yuan et al. 2003,,,2.388879303,0.563138873,,,,,,FALSE
Yuan et al. 2003,,,2.964087167,0.570501109,,,,,,FALSE
Yuan et al. 2003,,,3.536323272,0.585997449,,,,,,FALSE
Yuan et al. 2003,,,4.302598632,0.605416981,,,,,,FALSE
Yuan et al. 2003,,,5.033544765,0.61826433,,,,,,FALSE
Yuan et al. 2003,,,5.444343089,0.64906812,,,,,,FALSE
Yuan et al. 2003,,,6.12424859,0.655195025,,,,,,FALSE
Yuan et al. 2003,,,6.889062682,0.695866547,,,,,,FALSE
Yuan et al. 2003,,,7.749388995,0.720516282,,,,,,FALSE
Yuan et al. 2003,,,8.381833159,0.756414572,,,,,,FALSE
Yuan et al. 2003,,,9.805779258,0.792349899,,,,,,FALSE
Yuan et al. 2003,,,11.03035368,0.841535371,,,,,,FALSE
Yuan et al. 2003,,,12.653616,0.89897452,,,,,,FALSE
Yuan et al. 2003,,,14.8032731,0.941682507,,,,,,FALSE
Yuan et al. 2003,,,16.01139979,0.963791436,,,,,,FALSE
Yuan et al. 2003,,,17.31812427,0.986419441,,,,,,FALSE
Yuan et al. 2003,,,18.73149333,0.996830734,,,,,,FALSE
Yuan et al. 2003,,,20.26021045,0.994632056,,,,,,FALSE
Yuan et al. 2003,,,21.48808014,0.999315465,,,,,,FALSE
Yuan et al. 2003,,,24.17157449,1.034714293,,,,,,FALSE
Yuan et al. 2003,,,26.66210155,1.092587371,,,,,,FALSE
Yuan et al. 2003,,,28.83805252,1.176548383,,,,,,FALSE
Yuan et al. 2003,,,32.43943294,1.249583147,,,,,,FALSE
Yuan et al. 2003,,,35.08688425,1.38024538,,,,,,FALSE
Yuan et al. 2003,,,39.46863706,1.54236345,,,,,,FALSE
Yuan et al. 2003,,,43.53530258,1.67055193,,,,,,FALSE
Yuan et al. 2003,,,46.1737588,1.743638413,,,,,,FALSE
Yuan et al. 2003,,,48.97211861,1.819922423,,,,,,FALSE
Yuan et al. 2003,,,54.01797885,1.921713334,,,,,,FALSE
Yuan et al. 2003,,,61.96743836,2.105722506,,,,,,FALSE
Yuan et al. 2003,,,65.72297383,2.254421483,,,,,,FALSE
Yuan et al. 2003,,,81.54812301,2.7285932,,,,,,FALSE
Yuan et al. 2003,,,103.1878634,3.157090676,,,,,,FALSE
Yuan et al. 2003,,,120.7179135,3.851849779,,,,,,FALSE
Yuan et al. 2003,,,130.5699599,4.147849182,,,,,,FALSE
Yuan et al. 2003,,,144.0232838,4.608225679,,,,,,FALSE
Yuan et al. 2003,,,158.8627757,5.251484044,,,,,,FALSE
Yuan et al. 2003,,,178.7020242,5.577472248,,,,,,FALSE
Yuan et al. 2003,,,189.5322571,5.971334408,,,,,,FALSE
Yuan et al. 2003,,,209.0607829,6.467622283,,,,,,FALSE
Yuan et al. 2003,,,217.4244337,6.884287261,,,,,,FALSE
Yuan et al. 2003,,,235.1689054,7.22728318,,,,,,FALSE
Yuan et al. 2003,,,249.4213126,7.54347611,,,,,,FALSE
Yuan et al. 2003,,,259.39962,7.729111334,,,,,,FALSE
Yuan et al. 2003,,,315.6081512,8.509073104,,,,,,FALSE
Yuan et al. 2003,,,391.6020661,9.542745692,,,,,,FALSE
Yuan et al. 2003,,,505.3328286,8.83493798,,,,,,FALSE
Yuan et al. 2003,,,568.4402714,8.056264333,,,,,,FALSE
Yuan et al. 2003,,,627.0097238,7.49172448,,,,,,FALSE
Yuan et al. 2003,,,678.1813246,6.926442717,,,,,,FALSE
Yuan et al. 2003,,,777.9846696,5.961647179,,,,,,FALSE
Yuan et al. 2003,,,928.1796176,4.810043353,,,,,,FALSE
Yuan et al. 2003,,,1085.863232,3.957761311,,,,,,FALSE
Yuan et al. 2003,,,1245.662357,3.320994027,,,,,,FALSE
Yuan et al. 2003,,,1401.224319,2.805987383,,,,,,FALSE
Yuan et al. 2003,,,1639.27104,2.222439926,,,,,,FALSE
Yuan et al. 2003,,,1880.511439,1.79511483,,,,,,FALSE
Yuan et al. 2003,,,2115.355212,1.478673626,,,,,,FALSE
Yuan et al. 2003,,,2379.526963,1.218014388,,,,,,FALSE
Yuan et al. 2003,,,2624.702399,1.023176126,,,,,,FALSE
Yuan et al. 2003,,,2895.139575,0.85950494,,,,,,FALSE
Yuan et al. 2003,,,3256.69308,0.707992194,,,,,,FALSE
Yuan et al. 2003,,,3663.398445,0.575824047,,,,,,FALSE
Yuan et al. 2003,,,4120.894366,0.46832908,,,,,,FALSE
Yuan et al. 2003,,,4727.338436,0.359532599,,,,,,FALSE
Yuan et al. 2003,,,6221.09912,0.2146008,,,,,,FALSE
Yuan et al. 2003,,,7569.130562,0.149523182,,,,,,FALSE
Yuan et al. 2003,,,8683.028161,0.116255751,,,,,,FALSE
Yuan et al. 2003,,,10564.52768,0.08203712,,,,,,FALSE
Yuan et al. 2003,,,12604.07774,0.059791991,,,,,,FALSE
Yuan et al. 2003,,,15638.95883,0.041373388,,,,,,FALSE
Yuan et al. 2003,,,24076.94401,0.020842619,,,,,,FALSE
Yuan et al. 2003,,,24076.94401,0.020842619,,,,,,FALSE
Yuan et al. 2003,,,34270.7287,0.012413275,,,,,,FALSE
Yuan et al. 2003,,,41696.75085,0.00933418,,,,,,FALSE
Yuan et al. 2003,,,52761.46737,0.006496417,,,,,,FALSE
Yuan et al. 2003,,,72210.95131,0.004023868,,,,,,FALSE
Yuan et al. 2003,,,106895.8433,0.002162461,,,,,,FALSE
Yuan et al. 2003,,,164571.3926,0.001075624,,,,,,FALSE
Yuan et al. 2003,,,243619.5269,0.000570751,,,,,,FALSE
Yuan et al. 2003,,,308266.7943,0.000382374,,,,,,FALSE
Yuan et al. 2003,,,421903.3242,0.000230898,,,,,,FALSE
Yuan et al. 2003,,,493578.2885,0.00018057,,,,,,FALSE
Yuan et al. 2003,,,790287.9303,9.44E-05,,,,,,FALSE
Yuan et al. 2003,,,1265361.6,5.33E-05,,,,,,FALSE
Yuan et al. 2003,,,2026021.045,3.33E-05,,,,,,FALSE
Yuan et al. 2003,,,2370211.237,2.92E-05,,,,,,FALSE
Yuan et al. 2003,,,3180939.186,2.35E-05,,,,,,FALSE
Yuan et al. 2003,,,6076390.217,1.20E-05,,,,,,FALSE
Yuan et al. 2003,,,8316332.732,8.63E-06,,,,,,FALSE
Yuan et al. 2003,,,12803402.05,5.26E-06,,,,,,FALSE
Yuan et al. 2003,,,15577733.11,4.01E-06,,,,,,FALSE
Yuan et al. 2003,,,20500038.89,2.97E-06,,,,,,FALSE
Yuan et al. 2003,,,32185932.7,1.58E-06,,,,,,FALSE
Yuan et al. 2003,,,39935843.52,1.21E-06,,,,,,FALSE
Yuan et al. 2003,,,50533282.86,8.44E-07,,,,,,FALSE
Yuan et al. 2003,,,62700972.38,6.30E-07,,,,,,FALSE
Yuan et al. 2003,,,84147765.78,3.93E-07,,,,,,FALSE
Yuan et al. 2003,,,160743299.7,1.60E-07,,,,,,FALSE
Yuan et al. 2003,,,332119762.7,6.80E-08,,,,,,FALSE
Yuan et al. 2003,,,463552371.8,4.69E-08,,,,,,FALSE
Yuan et al. 2003,,,646997937.3,3.15E-08,,,,,,FALSE
Yuan et al. 2003,,,756913056.2,2.56E-08,,,,,,FALSE
Yuan et al. 2003,,,957768715.9,1.85E-08,,,,,,FALSE
Yuan et al. 2003,,,1120479068,1.45E-08,,,,,,FALSE
Yuan et al. 2003,,,1260407774,1.19E-08,,,,,,FALSE
Yuan et al. 2003,,,1417811187,9.83E-09,,,,,,FALSE
Yuan et al. 2003,,,1594871598,8.00E-09,,,,,,FALSE
Yuan et al. 2003,,,2360931982,4.08E-09,,,,,,FALSE
Yuan et al. 2003,,,2987432670,2.81E-09,,,,,,FALSE
Yuan et al. 2003,,,4009280480,1.84E-09,,,,,,FALSE
Yuan et al. 2003,,,6294740825,1.02E-09,,,,,,FALSE
Yuan et al. 2003,,,10078761191,5.83E-10,,,,,,FALSE
Yuan et al. 2003,,,15516747086,3.60E-10,,,,,,FALSE
Yuan et al. 2003,,,20419782284,2.67E-10,,,,,,FALSE